,number_of_positive_samples,number_of_negative_samples,number_of_obscene_in_positive_samples,number_of_obscene_in_negative_samples,mean_word_len_positive_samples,mean_word_len_negative_samples,kl,part_size
comb,28287,17201,4668,700,18.105843673772405,20.54281727806523,1.2097808351072228,28860 / 7539 / 9089
funlines_and_human_microedit_paper_2023,13432,10165,770,418,12.540500297796306,12.573831775700935,0.3015371283286533,16518 / 2360 / 4719
one_liners,15979,15717,1143,390,14.770386131797984,10.344467773748171,1.7070464905516471,22188 / 3170 / 6338
onion_or_not,8952,14973,1214,2499,15.185656836461126,12.924063313965137,1.5531578533820165,16748 / 2393 / 4784
pun_of_the_day,2423,2323,59,76,13.226578621543542,13.804993542832545,1.3186404388523407,3323 / 475 / 948
reddit_jokes_last_laught,10327,10327,3840,2342,95.8350924760337,40.8877699235015,0.9522269830198585,19438 / 608 / 608
semeval_2017_task_7,2875,1152,64,50,14.182608695652174,10.721354166666666,2.289579547088767,2819 / 403 / 805
semeval_2021_task_7,6179,3821,1401,297,24.185143227059395,26.075634650615022,1.4892347922122675,8000 / 1000 / 1000
unfun_me,821,969,67,28,10.02679658952497,9.111455108359133,0.6825822360878226,1253 / 179 / 358
short_jokes,232137,234054,46629,6457,18.92054691841456,21.260948328163586,2.2861298982657607,347486 / 57914 / 60791
the_naughtyformer,88089,10710,28365,2695,27.37816299424446,778.8632119514473,4.131229668450489,69160 / 9880 / 19759
